,org_file,model_file,use_cols,index_cols,fmt,sep,head_rows,upper_bound,lower_bound,operator,mlt_file,zone_file,apply_order,fac_file,pp_file,pp_fill_value,pp_lower_limit,pp_upper_limit,chkpar,zero_based
0,org/freyberg6.npf_k_layer1.txt,freyberg6.npf_k_layer1.txt,,,%17.1F,,0,100,0.01,m,mult/npfklayer1gr_inst0_grid.csv,npfklayer1gr_inst0_grid.csv.zone,999,,,,,,,False
1,org/freyberg6.npf_k_layer1.txt,freyberg6.npf_k_layer1.txt,,,%17.1F,,0,100,0.01,m,mult/npfklayer1pp_inst0_pilotpoints.csv,npfklayer1pp_inst0pp.dat.zone,999,npfklayer1pp_inst0pp.fac,npfklayer1pp_inst0pp.dat,1.0,1e-30,1e+30,,False
2,org/freyberg6.npf_k_layer1.txt,freyberg6.npf_k_layer1.txt,,,%17.1F,,0,100,0.01,m,mult/npfklayer1cn_inst0_constant.csv,npfklayer1cn_inst0_constant.csv.zone,999,,,,,,,False
3,org/freyberg6.sto_sy_layer1.txt,freyberg6.sto_sy_layer1.txt,,,%24.18E,,0,0.4,0.01,m,mult/stosylayer1gr_inst0_grid.csv,stosylayer1gr_inst0_grid.csv.zone,999,,,,,,,False
4,org/freyberg6.sto_sy_layer1.txt,freyberg6.sto_sy_layer1.txt,,,%24.18E,,0,0.4,0.01,m,mult/stosylayer1pp_inst0_pilotpoints.csv,stosylayer1pp_inst0pp.dat.zone,999,npfklayer1pp_inst0pp.fac,stosylayer1pp_inst0pp.dat,1.0,1e-30,1e+30,,False
5,org/freyberg6.sto_sy_layer1.txt,freyberg6.sto_sy_layer1.txt,,,%24.18E,,0,0.4,0.01,m,mult/stosylayer1cn_inst0_constant.csv,stosylayer1cn_inst0_constant.csv.zone,999,,,,,,,False
9,org/freyberg6.rch_recharge_1.txt,freyberg6.rch_recharge_1.txt,,,%15.6E,,0,0.001,0,m,mult/rch_recharge_1gr_inst0_grid.csv,rch_recharge_1gr_inst0_grid.csv.zone,999,,,,,,,False
10,org/freyberg6.rch_recharge_2.txt,freyberg6.rch_recharge_2.txt,,,%15.6E,,0,0.001,0,m,mult/rch_recharge_1gr_inst0_grid.csv,rch_recharge_1gr_inst0_grid.csv.zone,999,,,,,,,False
11,org/freyberg6.rch_recharge_3.txt,freyberg6.rch_recharge_3.txt,,,%15.6E,,0,0.001,0,m,mult/rch_recharge_1gr_inst0_grid.csv,rch_recharge_1gr_inst0_grid.csv.zone,999,,,,,,,False
12,org/freyberg6.rch_recharge_4.txt,freyberg6.rch_recharge_4.txt,,,%15.6E,,0,0.001,0,m,mult/rch_recharge_1gr_inst0_grid.csv,rch_recharge_1gr_inst0_grid.csv.zone,999,,,,,,,False
13,org/freyberg6.rch_recharge_5.txt,freyberg6.rch_recharge_5.txt,,,%15.6E,,0,0.001,0,m,mult/rch_recharge_1gr_inst0_grid.csv,rch_recharge_1gr_inst0_grid.csv.zone,999,,,,,,,False
14,org/freyberg6.rch_recharge_6.txt,freyberg6.rch_recharge_6.txt,,,%15.6E,,0,0.001,0,m,mult/rch_recharge_1gr_inst0_grid.csv,rch_recharge_1gr_inst0_grid.csv.zone,999,,,,,,,False
15,org/freyberg6.rch_recharge_7.txt,freyberg6.rch_recharge_7.txt,,,%15.6E,,0,0.001,0,m,mult/rch_recharge_1gr_inst0_grid.csv,rch_recharge_1gr_inst0_grid.csv.zone,999,,,,,,,False
16,org/freyberg6.rch_recharge_8.txt,freyberg6.rch_recharge_8.txt,,,%15.6E,,0,0.001,0,m,mult/rch_recharge_1gr_inst0_grid.csv,rch_recharge_1gr_inst0_grid.csv.zone,999,,,,,,,False
17,org/freyberg6.rch_recharge_9.txt,freyberg6.rch_recharge_9.txt,,,%15.6E,,0,0.001,0,m,mult/rch_recharge_1gr_inst0_grid.csv,rch_recharge_1gr_inst0_grid.csv.zone,999,,,,,,,False
18,org/freyberg6.rch_recharge_10.txt,freyberg6.rch_recharge_10.txt,,,%15.6E,,0,0.001,0,m,mult/rch_recharge_1gr_inst0_grid.csv,rch_recharge_1gr_inst0_grid.csv.zone,999,,,,,,,False
19,org/freyberg6.rch_recharge_11.txt,freyberg6.rch_recharge_11.txt,,,%15.6E,,0,0.001,0,m,mult/rch_recharge_1gr_inst0_grid.csv,rch_recharge_1gr_inst0_grid.csv.zone,999,,,,,,,False
20,org/freyberg6.rch_recharge_12.txt,freyberg6.rch_recharge_12.txt,,,%15.6E,,0,0.001,0,m,mult/rch_recharge_1gr_inst0_grid.csv,rch_recharge_1gr_inst0_grid.csv.zone,999,,,,,,,False
21,org/freyberg6.rch_recharge_13.txt,freyberg6.rch_recharge_13.txt,,,%15.6E,,0,0.001,0,m,mult/rch_recharge_1gr_inst0_grid.csv,rch_recharge_1gr_inst0_grid.csv.zone,999,,,,,,,False
22,org/freyberg6.rch_recharge_14.txt,freyberg6.rch_recharge_14.txt,,,%15.6E,,0,0.001,0,m,mult/rch_recharge_1gr_inst0_grid.csv,rch_recharge_1gr_inst0_grid.csv.zone,999,,,,,,,False
23,org/freyberg6.rch_recharge_15.txt,freyberg6.rch_recharge_15.txt,,,%15.6E,,0,0.001,0,m,mult/rch_recharge_1gr_inst0_grid.csv,rch_recharge_1gr_inst0_grid.csv.zone,999,,,,,,,False
24,org/freyberg6.rch_recharge_16.txt,freyberg6.rch_recharge_16.txt,,,%15.6E,,0,0.001,0,m,mult/rch_recharge_1gr_inst0_grid.csv,rch_recharge_1gr_inst0_grid.csv.zone,999,,,,,,,False
25,org/freyberg6.rch_recharge_17.txt,freyberg6.rch_recharge_17.txt,,,%15.6E,,0,0.001,0,m,mult/rch_recharge_1gr_inst0_grid.csv,rch_recharge_1gr_inst0_grid.csv.zone,999,,,,,,,False
26,org/freyberg6.rch_recharge_18.txt,freyberg6.rch_recharge_18.txt,,,%15.6E,,0,0.001,0,m,mult/rch_recharge_1gr_inst0_grid.csv,rch_recharge_1gr_inst0_grid.csv.zone,999,,,,,,,False
27,org/freyberg6.rch_recharge_19.txt,freyberg6.rch_recharge_19.txt,,,%15.6E,,0,0.001,0,m,mult/rch_recharge_1gr_inst0_grid.csv,rch_recharge_1gr_inst0_grid.csv.zone,999,,,,,,,False
28,org/freyberg6.rch_recharge_20.txt,freyberg6.rch_recharge_20.txt,,,%15.6E,,0,0.001,0,m,mult/rch_recharge_1gr_inst0_grid.csv,rch_recharge_1gr_inst0_grid.csv.zone,999,,,,,,,False
29,org/freyberg6.rch_recharge_21.txt,freyberg6.rch_recharge_21.txt,,,%15.6E,,0,0.001,0,m,mult/rch_recharge_1gr_inst0_grid.csv,rch_recharge_1gr_inst0_grid.csv.zone,999,,,,,,,False
30,org/freyberg6.rch_recharge_22.txt,freyberg6.rch_recharge_22.txt,,,%15.6E,,0,0.001,0,m,mult/rch_recharge_1gr_inst0_grid.csv,rch_recharge_1gr_inst0_grid.csv.zone,999,,,,,,,False
31,org/freyberg6.rch_recharge_23.txt,freyberg6.rch_recharge_23.txt,,,%15.6E,,0,0.001,0,m,mult/rch_recharge_1gr_inst0_grid.csv,rch_recharge_1gr_inst0_grid.csv.zone,999,,,,,,,False
32,org/freyberg6.rch_recharge_24.txt,freyberg6.rch_recharge_24.txt,,,%15.6E,,0,0.001,0,m,mult/rch_recharge_1gr_inst0_grid.csv,rch_recharge_1gr_inst0_grid.csv.zone,999,,,,,,,False
33,org/freyberg6.rch_recharge_25.txt,freyberg6.rch_recharge_25.txt,,,%15.6E,,0,0.001,0,m,mult/rch_recharge_1gr_inst0_grid.csv,rch_recharge_1gr_inst0_grid.csv.zone,999,,,,,,,False
34,org/freyberg6.rch_recharge_1.txt,freyberg6.rch_recharge_1.txt,,,%15.6E,,0,0.001,0,m,mult/rch_recharge_1pp_inst0_pilotpoints.csv,rch_recharge_1pp_inst0pp.dat.zone,999,npfklayer1pp_inst0pp.fac,rch_recharge_1pp_inst0pp.dat,1.0,1e-30,1e+30,,False
35,org/freyberg6.rch_recharge_2.txt,freyberg6.rch_recharge_2.txt,,,%15.6E,,0,0.001,0,m,mult/rch_recharge_1pp_inst0_pilotpoints.csv,rch_recharge_1pp_inst0pp.dat.zone,999,npfklayer1pp_inst0pp.fac,rch_recharge_1pp_inst0pp.dat,1.0,1e-30,1e+30,,False
36,org/freyberg6.rch_recharge_3.txt,freyberg6.rch_recharge_3.txt,,,%15.6E,,0,0.001,0,m,mult/rch_recharge_1pp_inst0_pilotpoints.csv,rch_recharge_1pp_inst0pp.dat.zone,999,npfklayer1pp_inst0pp.fac,rch_recharge_1pp_inst0pp.dat,1.0,1e-30,1e+30,,False
37,org/freyberg6.rch_recharge_4.txt,freyberg6.rch_recharge_4.txt,,,%15.6E,,0,0.001,0,m,mult/rch_recharge_1pp_inst0_pilotpoints.csv,rch_recharge_1pp_inst0pp.dat.zone,999,npfklayer1pp_inst0pp.fac,rch_recharge_1pp_inst0pp.dat,1.0,1e-30,1e+30,,False
38,org/freyberg6.rch_recharge_5.txt,freyberg6.rch_recharge_5.txt,,,%15.6E,,0,0.001,0,m,mult/rch_recharge_1pp_inst0_pilotpoints.csv,rch_recharge_1pp_inst0pp.dat.zone,999,npfklayer1pp_inst0pp.fac,rch_recharge_1pp_inst0pp.dat,1.0,1e-30,1e+30,,False
39,org/freyberg6.rch_recharge_6.txt,freyberg6.rch_recharge_6.txt,,,%15.6E,,0,0.001,0,m,mult/rch_recharge_1pp_inst0_pilotpoints.csv,rch_recharge_1pp_inst0pp.dat.zone,999,npfklayer1pp_inst0pp.fac,rch_recharge_1pp_inst0pp.dat,1.0,1e-30,1e+30,,False
40,org/freyberg6.rch_recharge_7.txt,freyberg6.rch_recharge_7.txt,,,%15.6E,,0,0.001,0,m,mult/rch_recharge_1pp_inst0_pilotpoints.csv,rch_recharge_1pp_inst0pp.dat.zone,999,npfklayer1pp_inst0pp.fac,rch_recharge_1pp_inst0pp.dat,1.0,1e-30,1e+30,,False
41,org/freyberg6.rch_recharge_8.txt,freyberg6.rch_recharge_8.txt,,,%15.6E,,0,0.001,0,m,mult/rch_recharge_1pp_inst0_pilotpoints.csv,rch_recharge_1pp_inst0pp.dat.zone,999,npfklayer1pp_inst0pp.fac,rch_recharge_1pp_inst0pp.dat,1.0,1e-30,1e+30,,False
42,org/freyberg6.rch_recharge_9.txt,freyberg6.rch_recharge_9.txt,,,%15.6E,,0,0.001,0,m,mult/rch_recharge_1pp_inst0_pilotpoints.csv,rch_recharge_1pp_inst0pp.dat.zone,999,npfklayer1pp_inst0pp.fac,rch_recharge_1pp_inst0pp.dat,1.0,1e-30,1e+30,,False
43,org/freyberg6.rch_recharge_10.txt,freyberg6.rch_recharge_10.txt,,,%15.6E,,0,0.001,0,m,mult/rch_recharge_1pp_inst0_pilotpoints.csv,rch_recharge_1pp_inst0pp.dat.zone,999,npfklayer1pp_inst0pp.fac,rch_recharge_1pp_inst0pp.dat,1.0,1e-30,1e+30,,False
44,org/freyberg6.rch_recharge_11.txt,freyberg6.rch_recharge_11.txt,,,%15.6E,,0,0.001,0,m,mult/rch_recharge_1pp_inst0_pilotpoints.csv,rch_recharge_1pp_inst0pp.dat.zone,999,npfklayer1pp_inst0pp.fac,rch_recharge_1pp_inst0pp.dat,1.0,1e-30,1e+30,,False
45,org/freyberg6.rch_recharge_12.txt,freyberg6.rch_recharge_12.txt,,,%15.6E,,0,0.001,0,m,mult/rch_recharge_1pp_inst0_pilotpoints.csv,rch_recharge_1pp_inst0pp.dat.zone,999,npfklayer1pp_inst0pp.fac,rch_recharge_1pp_inst0pp.dat,1.0,1e-30,1e+30,,False
46,org/freyberg6.rch_recharge_13.txt,freyberg6.rch_recharge_13.txt,,,%15.6E,,0,0.001,0,m,mult/rch_recharge_1pp_inst0_pilotpoints.csv,rch_recharge_1pp_inst0pp.dat.zone,999,npfklayer1pp_inst0pp.fac,rch_recharge_1pp_inst0pp.dat,1.0,1e-30,1e+30,,False
47,org/freyberg6.rch_recharge_14.txt,freyberg6.rch_recharge_14.txt,,,%15.6E,,0,0.001,0,m,mult/rch_recharge_1pp_inst0_pilotpoints.csv,rch_recharge_1pp_inst0pp.dat.zone,999,npfklayer1pp_inst0pp.fac,rch_recharge_1pp_inst0pp.dat,1.0,1e-30,1e+30,,False
48,org/freyberg6.rch_recharge_15.txt,freyberg6.rch_recharge_15.txt,,,%15.6E,,0,0.001,0,m,mult/rch_recharge_1pp_inst0_pilotpoints.csv,rch_recharge_1pp_inst0pp.dat.zone,999,npfklayer1pp_inst0pp.fac,rch_recharge_1pp_inst0pp.dat,1.0,1e-30,1e+30,,False
49,org/freyberg6.rch_recharge_16.txt,freyberg6.rch_recharge_16.txt,,,%15.6E,,0,0.001,0,m,mult/rch_recharge_1pp_inst0_pilotpoints.csv,rch_recharge_1pp_inst0pp.dat.zone,999,npfklayer1pp_inst0pp.fac,rch_recharge_1pp_inst0pp.dat,1.0,1e-30,1e+30,,False
50,org/freyberg6.rch_recharge_17.txt,freyberg6.rch_recharge_17.txt,,,%15.6E,,0,0.001,0,m,mult/rch_recharge_1pp_inst0_pilotpoints.csv,rch_recharge_1pp_inst0pp.dat.zone,999,npfklayer1pp_inst0pp.fac,rch_recharge_1pp_inst0pp.dat,1.0,1e-30,1e+30,,False
51,org/freyberg6.rch_recharge_18.txt,freyberg6.rch_recharge_18.txt,,,%15.6E,,0,0.001,0,m,mult/rch_recharge_1pp_inst0_pilotpoints.csv,rch_recharge_1pp_inst0pp.dat.zone,999,npfklayer1pp_inst0pp.fac,rch_recharge_1pp_inst0pp.dat,1.0,1e-30,1e+30,,False
52,org/freyberg6.rch_recharge_19.txt,freyberg6.rch_recharge_19.txt,,,%15.6E,,0,0.001,0,m,mult/rch_recharge_1pp_inst0_pilotpoints.csv,rch_recharge_1pp_inst0pp.dat.zone,999,npfklayer1pp_inst0pp.fac,rch_recharge_1pp_inst0pp.dat,1.0,1e-30,1e+30,,False
53,org/freyberg6.rch_recharge_20.txt,freyberg6.rch_recharge_20.txt,,,%15.6E,,0,0.001,0,m,mult/rch_recharge_1pp_inst0_pilotpoints.csv,rch_recharge_1pp_inst0pp.dat.zone,999,npfklayer1pp_inst0pp.fac,rch_recharge_1pp_inst0pp.dat,1.0,1e-30,1e+30,,False
54,org/freyberg6.rch_recharge_21.txt,freyberg6.rch_recharge_21.txt,,,%15.6E,,0,0.001,0,m,mult/rch_recharge_1pp_inst0_pilotpoints.csv,rch_recharge_1pp_inst0pp.dat.zone,999,npfklayer1pp_inst0pp.fac,rch_recharge_1pp_inst0pp.dat,1.0,1e-30,1e+30,,False
55,org/freyberg6.rch_recharge_22.txt,freyberg6.rch_recharge_22.txt,,,%15.6E,,0,0.001,0,m,mult/rch_recharge_1pp_inst0_pilotpoints.csv,rch_recharge_1pp_inst0pp.dat.zone,999,npfklayer1pp_inst0pp.fac,rch_recharge_1pp_inst0pp.dat,1.0,1e-30,1e+30,,False
56,org/freyberg6.rch_recharge_23.txt,freyberg6.rch_recharge_23.txt,,,%15.6E,,0,0.001,0,m,mult/rch_recharge_1pp_inst0_pilotpoints.csv,rch_recharge_1pp_inst0pp.dat.zone,999,npfklayer1pp_inst0pp.fac,rch_recharge_1pp_inst0pp.dat,1.0,1e-30,1e+30,,False
57,org/freyberg6.rch_recharge_24.txt,freyberg6.rch_recharge_24.txt,,,%15.6E,,0,0.001,0,m,mult/rch_recharge_1pp_inst0_pilotpoints.csv,rch_recharge_1pp_inst0pp.dat.zone,999,npfklayer1pp_inst0pp.fac,rch_recharge_1pp_inst0pp.dat,1.0,1e-30,1e+30,,False
58,org/freyberg6.rch_recharge_25.txt,freyberg6.rch_recharge_25.txt,,,%15.6E,,0,0.001,0,m,mult/rch_recharge_1pp_inst0_pilotpoints.csv,rch_recharge_1pp_inst0pp.dat.zone,999,npfklayer1pp_inst0pp.fac,rch_recharge_1pp_inst0pp.dat,1.0,1e-30,1e+30,,False
59,org/freyberg6.rch_recharge_1.txt,freyberg6.rch_recharge_1.txt,,,%15.6E,,0,0.001,0,m,mult/rch_recharge_1tcn_inst0_constant.csv,rch_recharge_1tcn_inst0_constant.csv.zone,999,,,,,,,False
60,org/freyberg6.rch_recharge_2.txt,freyberg6.rch_recharge_2.txt,,,%15.6E,,0,0.001,0,m,mult/rch_recharge_2tcn_inst0_constant.csv,rch_recharge_2tcn_inst0_constant.csv.zone,999,,,,,,,False
61,org/freyberg6.rch_recharge_3.txt,freyberg6.rch_recharge_3.txt,,,%15.6E,,0,0.001,0,m,mult/rch_recharge_3tcn_inst0_constant.csv,rch_recharge_3tcn_inst0_constant.csv.zone,999,,,,,,,False
62,org/freyberg6.rch_recharge_4.txt,freyberg6.rch_recharge_4.txt,,,%15.6E,,0,0.001,0,m,mult/rch_recharge_4tcn_inst0_constant.csv,rch_recharge_4tcn_inst0_constant.csv.zone,999,,,,,,,False
63,org/freyberg6.rch_recharge_5.txt,freyberg6.rch_recharge_5.txt,,,%15.6E,,0,0.001,0,m,mult/rch_recharge_5tcn_inst0_constant.csv,rch_recharge_5tcn_inst0_constant.csv.zone,999,,,,,,,False
64,org/freyberg6.rch_recharge_6.txt,freyberg6.rch_recharge_6.txt,,,%15.6E,,0,0.001,0,m,mult/rch_recharge_6tcn_inst0_constant.csv,rch_recharge_6tcn_inst0_constant.csv.zone,999,,,,,,,False
65,org/freyberg6.rch_recharge_7.txt,freyberg6.rch_recharge_7.txt,,,%15.6E,,0,0.001,0,m,mult/rch_recharge_7tcn_inst0_constant.csv,rch_recharge_7tcn_inst0_constant.csv.zone,999,,,,,,,False
66,org/freyberg6.rch_recharge_8.txt,freyberg6.rch_recharge_8.txt,,,%15.6E,,0,0.001,0,m,mult/rch_recharge_8tcn_inst0_constant.csv,rch_recharge_8tcn_inst0_constant.csv.zone,999,,,,,,,False
67,org/freyberg6.rch_recharge_9.txt,freyberg6.rch_recharge_9.txt,,,%15.6E,,0,0.001,0,m,mult/rch_recharge_9tcn_inst0_constant.csv,rch_recharge_9tcn_inst0_constant.csv.zone,999,,,,,,,False
68,org/freyberg6.rch_recharge_10.txt,freyberg6.rch_recharge_10.txt,,,%15.6E,,0,0.001,0,m,mult/rch_recharge_10tcn_inst0_constant.csv,rch_recharge_10tcn_inst0_constant.csv.zone,999,,,,,,,False
69,org/freyberg6.rch_recharge_11.txt,freyberg6.rch_recharge_11.txt,,,%15.6E,,0,0.001,0,m,mult/rch_recharge_11tcn_inst0_constant.csv,rch_recharge_11tcn_inst0_constant.csv.zone,999,,,,,,,False
70,org/freyberg6.rch_recharge_12.txt,freyberg6.rch_recharge_12.txt,,,%15.6E,,0,0.001,0,m,mult/rch_recharge_12tcn_inst0_constant.csv,rch_recharge_12tcn_inst0_constant.csv.zone,999,,,,,,,False
71,org/freyberg6.rch_recharge_13.txt,freyberg6.rch_recharge_13.txt,,,%15.6E,,0,0.001,0,m,mult/rch_recharge_13tcn_inst0_constant.csv,rch_recharge_13tcn_inst0_constant.csv.zone,999,,,,,,,False
72,org/freyberg6.rch_recharge_14.txt,freyberg6.rch_recharge_14.txt,,,%15.6E,,0,0.001,0,m,mult/rch_recharge_14tcn_inst0_constant.csv,rch_recharge_14tcn_inst0_constant.csv.zone,999,,,,,,,False
73,org/freyberg6.rch_recharge_15.txt,freyberg6.rch_recharge_15.txt,,,%15.6E,,0,0.001,0,m,mult/rch_recharge_15tcn_inst0_constant.csv,rch_recharge_15tcn_inst0_constant.csv.zone,999,,,,,,,False
74,org/freyberg6.rch_recharge_16.txt,freyberg6.rch_recharge_16.txt,,,%15.6E,,0,0.001,0,m,mult/rch_recharge_16tcn_inst0_constant.csv,rch_recharge_16tcn_inst0_constant.csv.zone,999,,,,,,,False
75,org/freyberg6.rch_recharge_17.txt,freyberg6.rch_recharge_17.txt,,,%15.6E,,0,0.001,0,m,mult/rch_recharge_17tcn_inst0_constant.csv,rch_recharge_17tcn_inst0_constant.csv.zone,999,,,,,,,False
76,org/freyberg6.rch_recharge_18.txt,freyberg6.rch_recharge_18.txt,,,%15.6E,,0,0.001,0,m,mult/rch_recharge_18tcn_inst0_constant.csv,rch_recharge_18tcn_inst0_constant.csv.zone,999,,,,,,,False
77,org/freyberg6.rch_recharge_19.txt,freyberg6.rch_recharge_19.txt,,,%15.6E,,0,0.001,0,m,mult/rch_recharge_19tcn_inst0_constant.csv,rch_recharge_19tcn_inst0_constant.csv.zone,999,,,,,,,False
78,org/freyberg6.rch_recharge_20.txt,freyberg6.rch_recharge_20.txt,,,%15.6E,,0,0.001,0,m,mult/rch_recharge_20tcn_inst0_constant.csv,rch_recharge_20tcn_inst0_constant.csv.zone,999,,,,,,,False
79,org/freyberg6.rch_recharge_21.txt,freyberg6.rch_recharge_21.txt,,,%15.6E,,0,0.001,0,m,mult/rch_recharge_21tcn_inst0_constant.csv,rch_recharge_21tcn_inst0_constant.csv.zone,999,,,,,,,False
80,org/freyberg6.rch_recharge_22.txt,freyberg6.rch_recharge_22.txt,,,%15.6E,,0,0.001,0,m,mult/rch_recharge_22tcn_inst0_constant.csv,rch_recharge_22tcn_inst0_constant.csv.zone,999,,,,,,,False
81,org/freyberg6.rch_recharge_23.txt,freyberg6.rch_recharge_23.txt,,,%15.6E,,0,0.001,0,m,mult/rch_recharge_23tcn_inst0_constant.csv,rch_recharge_23tcn_inst0_constant.csv.zone,999,,,,,,,False
82,org/freyberg6.rch_recharge_24.txt,freyberg6.rch_recharge_24.txt,,,%15.6E,,0,0.001,0,m,mult/rch_recharge_24tcn_inst0_constant.csv,rch_recharge_24tcn_inst0_constant.csv.zone,999,,,,,,,False
83,org/freyberg6.rch_recharge_25.txt,freyberg6.rch_recharge_25.txt,,,%15.6E,,0,0.001,0,m,mult/rch_recharge_25tcn_inst0_constant.csv,rch_recharge_25tcn_inst0_constant.csv.zone,999,,,,,,,False
84,org/freyberg6.ghb_stress_period_data_1.txt,freyberg6.ghb_stress_period_data_1.txt,[4],"[0, 1, 2]",free, ,0,[100.0],[0.01],m,mult/ghbcondgr_inst0_grid.csv,,999,,,,,,10.0,False
85,org/freyberg6.ghb_stress_period_data_1.txt,freyberg6.ghb_stress_period_data_1.txt,[4],"[0, 1, 2]",free, ,0,[100.0],[0.01],m,mult/ghbcondcn_inst0_constant.csv,,999,,,,,,10.0,False
86,org/freyberg6.ghb_stress_period_data_1.txt,freyberg6.ghb_stress_period_data_1.txt,[3],"[0, 1, 2]",free, ,0,[42.0],[32.5],a,mult/ghbheadgr_inst0_grid.csv,,999,,,,,,10.0,False
87,org/freyberg6.ghb_stress_period_data_1.txt,freyberg6.ghb_stress_period_data_1.txt,[3],"[0, 1, 2]",free, ,0,[42.0],[32.5],a,mult/ghbheadcn_inst0_constant.csv,,999,,,,,,10.0,False
88,org/freyberg6.wel_stress_period_data_1.txt,freyberg6.wel_stress_period_data_1.txt,[3],"[0, 1, 2]",free, ,0,[1e+30],[-1e+30],m,mult/welcst_inst0_constant.csv,,999,,,,,,7.0,False
89,org/freyberg6.wel_stress_period_data_1.txt,freyberg6.wel_stress_period_data_1.txt,[3],"[0, 1, 2]",free, ,0,[1e+30],[-1e+30],m,mult/welgrd_inst0_grid.csv,,999,,,,,,7.0,False
90,org/freyberg6.wel_stress_period_data_2.txt,freyberg6.wel_stress_period_data_2.txt,[3],"[0, 1, 2]",free, ,0,[1e+30],[-1e+30],m,mult/welcst_inst1_constant.csv,,999,,,,,,7.0,False
91,org/freyberg6.wel_stress_period_data_2.txt,freyberg6.wel_stress_period_data_2.txt,[3],"[0, 1, 2]",free, ,0,[1e+30],[-1e+30],m,mult/welgrd_inst1_grid.csv,,999,,,,,,7.0,False
92,org/freyberg6.wel_stress_period_data_3.txt,freyberg6.wel_stress_period_data_3.txt,[3],"[0, 1, 2]",free, ,0,[1e+30],[-1e+30],m,mult/welcst_inst2_constant.csv,,999,,,,,,7.0,False
93,org/freyberg6.wel_stress_period_data_3.txt,freyberg6.wel_stress_period_data_3.txt,[3],"[0, 1, 2]",free, ,0,[1e+30],[-1e+30],m,mult/welgrd_inst2_grid.csv,,999,,,,,,7.0,False
94,org/freyberg6.wel_stress_period_data_4.txt,freyberg6.wel_stress_period_data_4.txt,[3],"[0, 1, 2]",free, ,0,[1e+30],[-1e+30],m,mult/welcst_inst3_constant.csv,,999,,,,,,7.0,False
95,org/freyberg6.wel_stress_period_data_4.txt,freyberg6.wel_stress_period_data_4.txt,[3],"[0, 1, 2]",free, ,0,[1e+30],[-1e+30],m,mult/welgrd_inst3_grid.csv,,999,,,,,,7.0,False
96,org/freyberg6.wel_stress_period_data_5.txt,freyberg6.wel_stress_period_data_5.txt,[3],"[0, 1, 2]",free, ,0,[1e+30],[-1e+30],m,mult/welcst_inst4_constant.csv,,999,,,,,,7.0,False
97,org/freyberg6.wel_stress_period_data_5.txt,freyberg6.wel_stress_period_data_5.txt,[3],"[0, 1, 2]",free, ,0,[1e+30],[-1e+30],m,mult/welgrd_inst4_grid.csv,,999,,,,,,7.0,False
98,org/freyberg6.wel_stress_period_data_6.txt,freyberg6.wel_stress_period_data_6.txt,[3],"[0, 1, 2]",free, ,0,[1e+30],[-1e+30],m,mult/welcst_inst5_constant.csv,,999,,,,,,7.0,False
99,org/freyberg6.wel_stress_period_data_6.txt,freyberg6.wel_stress_period_data_6.txt,[3],"[0, 1, 2]",free, ,0,[1e+30],[-1e+30],m,mult/welgrd_inst5_grid.csv,,999,,,,,,7.0,False
100,org/freyberg6.wel_stress_period_data_7.txt,freyberg6.wel_stress_period_data_7.txt,[3],"[0, 1, 2]",free, ,0,[1e+30],[-1e+30],m,mult/welcst_inst6_constant.csv,,999,,,,,,7.0,False
101,org/freyberg6.wel_stress_period_data_7.txt,freyberg6.wel_stress_period_data_7.txt,[3],"[0, 1, 2]",free, ,0,[1e+30],[-1e+30],m,mult/welgrd_inst6_grid.csv,,999,,,,,,7.0,False
102,org/freyberg6.wel_stress_period_data_8.txt,freyberg6.wel_stress_period_data_8.txt,[3],"[0, 1, 2]",free, ,0,[1e+30],[-1e+30],m,mult/welcst_inst7_constant.csv,,999,,,,,,7.0,False
103,org/freyberg6.wel_stress_period_data_8.txt,freyberg6.wel_stress_period_data_8.txt,[3],"[0, 1, 2]",free, ,0,[1e+30],[-1e+30],m,mult/welgrd_inst7_grid.csv,,999,,,,,,7.0,False
104,org/freyberg6.wel_stress_period_data_9.txt,freyberg6.wel_stress_period_data_9.txt,[3],"[0, 1, 2]",free, ,0,[1e+30],[-1e+30],m,mult/welcst_inst8_constant.csv,,999,,,,,,7.0,False
105,org/freyberg6.wel_stress_period_data_9.txt,freyberg6.wel_stress_period_data_9.txt,[3],"[0, 1, 2]",free, ,0,[1e+30],[-1e+30],m,mult/welgrd_inst8_grid.csv,,999,,,,,,7.0,False
106,org/freyberg6.wel_stress_period_data_10.txt,freyberg6.wel_stress_period_data_10.txt,[3],"[0, 1, 2]",free, ,0,[1e+30],[-1e+30],m,mult/welcst_inst9_constant.csv,,999,,,,,,7.0,False
107,org/freyberg6.wel_stress_period_data_10.txt,freyberg6.wel_stress_period_data_10.txt,[3],"[0, 1, 2]",free, ,0,[1e+30],[-1e+30],m,mult/welgrd_inst9_grid.csv,,999,,,,,,7.0,False
108,org/freyberg6.wel_stress_period_data_11.txt,freyberg6.wel_stress_period_data_11.txt,[3],"[0, 1, 2]",free, ,0,[1e+30],[-1e+30],m,mult/welcst_inst10_constant.csv,,999,,,,,,7.0,False
109,org/freyberg6.wel_stress_period_data_11.txt,freyberg6.wel_stress_period_data_11.txt,[3],"[0, 1, 2]",free, ,0,[1e+30],[-1e+30],m,mult/welgrd_inst10_grid.csv,,999,,,,,,7.0,False
110,org/freyberg6.wel_stress_period_data_12.txt,freyberg6.wel_stress_period_data_12.txt,[3],"[0, 1, 2]",free, ,0,[1e+30],[-1e+30],m,mult/welcst_inst11_constant.csv,,999,,,,,,7.0,False
111,org/freyberg6.wel_stress_period_data_12.txt,freyberg6.wel_stress_period_data_12.txt,[3],"[0, 1, 2]",free, ,0,[1e+30],[-1e+30],m,mult/welgrd_inst11_grid.csv,,999,,,,,,7.0,False
112,org/freyberg6.wel_stress_period_data_13.txt,freyberg6.wel_stress_period_data_13.txt,[3],"[0, 1, 2]",free, ,0,[1e+30],[-1e+30],m,mult/welcst_inst12_constant.csv,,999,,,,,,7.0,False
113,org/freyberg6.wel_stress_period_data_13.txt,freyberg6.wel_stress_period_data_13.txt,[3],"[0, 1, 2]",free, ,0,[1e+30],[-1e+30],m,mult/welgrd_inst12_grid.csv,,999,,,,,,7.0,False
114,org/freyberg6.wel_stress_period_data_14.txt,freyberg6.wel_stress_period_data_14.txt,[3],"[0, 1, 2]",free, ,0,[1e+30],[-1e+30],m,mult/welcst_inst13_constant.csv,,999,,,,,,7.0,False
115,org/freyberg6.wel_stress_period_data_14.txt,freyberg6.wel_stress_period_data_14.txt,[3],"[0, 1, 2]",free, ,0,[1e+30],[-1e+30],m,mult/welgrd_inst13_grid.csv,,999,,,,,,7.0,False
116,org/freyberg6.wel_stress_period_data_15.txt,freyberg6.wel_stress_period_data_15.txt,[3],"[0, 1, 2]",free, ,0,[1e+30],[-1e+30],m,mult/welcst_inst14_constant.csv,,999,,,,,,7.0,False
117,org/freyberg6.wel_stress_period_data_15.txt,freyberg6.wel_stress_period_data_15.txt,[3],"[0, 1, 2]",free, ,0,[1e+30],[-1e+30],m,mult/welgrd_inst14_grid.csv,,999,,,,,,7.0,False
118,org/freyberg6.wel_stress_period_data_16.txt,freyberg6.wel_stress_period_data_16.txt,[3],"[0, 1, 2]",free, ,0,[1e+30],[-1e+30],m,mult/welcst_inst15_constant.csv,,999,,,,,,7.0,False
119,org/freyberg6.wel_stress_period_data_16.txt,freyberg6.wel_stress_period_data_16.txt,[3],"[0, 1, 2]",free, ,0,[1e+30],[-1e+30],m,mult/welgrd_inst15_grid.csv,,999,,,,,,7.0,False
120,org/freyberg6.wel_stress_period_data_17.txt,freyberg6.wel_stress_period_data_17.txt,[3],"[0, 1, 2]",free, ,0,[1e+30],[-1e+30],m,mult/welcst_inst16_constant.csv,,999,,,,,,7.0,False
121,org/freyberg6.wel_stress_period_data_17.txt,freyberg6.wel_stress_period_data_17.txt,[3],"[0, 1, 2]",free, ,0,[1e+30],[-1e+30],m,mult/welgrd_inst16_grid.csv,,999,,,,,,7.0,False
122,org/freyberg6.wel_stress_period_data_18.txt,freyberg6.wel_stress_period_data_18.txt,[3],"[0, 1, 2]",free, ,0,[1e+30],[-1e+30],m,mult/welcst_inst17_constant.csv,,999,,,,,,7.0,False
123,org/freyberg6.wel_stress_period_data_18.txt,freyberg6.wel_stress_period_data_18.txt,[3],"[0, 1, 2]",free, ,0,[1e+30],[-1e+30],m,mult/welgrd_inst17_grid.csv,,999,,,,,,7.0,False
124,org/freyberg6.wel_stress_period_data_19.txt,freyberg6.wel_stress_period_data_19.txt,[3],"[0, 1, 2]",free, ,0,[1e+30],[-1e+30],m,mult/welcst_inst18_constant.csv,,999,,,,,,7.0,False
125,org/freyberg6.wel_stress_period_data_19.txt,freyberg6.wel_stress_period_data_19.txt,[3],"[0, 1, 2]",free, ,0,[1e+30],[-1e+30],m,mult/welgrd_inst18_grid.csv,,999,,,,,,7.0,False
126,org/freyberg6.wel_stress_period_data_20.txt,freyberg6.wel_stress_period_data_20.txt,[3],"[0, 1, 2]",free, ,0,[1e+30],[-1e+30],m,mult/welcst_inst19_constant.csv,,999,,,,,,7.0,False
127,org/freyberg6.wel_stress_period_data_20.txt,freyberg6.wel_stress_period_data_20.txt,[3],"[0, 1, 2]",free, ,0,[1e+30],[-1e+30],m,mult/welgrd_inst19_grid.csv,,999,,,,,,7.0,False
128,org/freyberg6.wel_stress_period_data_21.txt,freyberg6.wel_stress_period_data_21.txt,[3],"[0, 1, 2]",free, ,0,[1e+30],[-1e+30],m,mult/welcst_inst20_constant.csv,,999,,,,,,7.0,False
129,org/freyberg6.wel_stress_period_data_21.txt,freyberg6.wel_stress_period_data_21.txt,[3],"[0, 1, 2]",free, ,0,[1e+30],[-1e+30],m,mult/welgrd_inst20_grid.csv,,999,,,,,,7.0,False
130,org/freyberg6.wel_stress_period_data_22.txt,freyberg6.wel_stress_period_data_22.txt,[3],"[0, 1, 2]",free, ,0,[1e+30],[-1e+30],m,mult/welcst_inst21_constant.csv,,999,,,,,,7.0,False
131,org/freyberg6.wel_stress_period_data_22.txt,freyberg6.wel_stress_period_data_22.txt,[3],"[0, 1, 2]",free, ,0,[1e+30],[-1e+30],m,mult/welgrd_inst21_grid.csv,,999,,,,,,7.0,False
132,org/freyberg6.wel_stress_period_data_23.txt,freyberg6.wel_stress_period_data_23.txt,[3],"[0, 1, 2]",free, ,0,[1e+30],[-1e+30],m,mult/welcst_inst22_constant.csv,,999,,,,,,7.0,False
133,org/freyberg6.wel_stress_period_data_23.txt,freyberg6.wel_stress_period_data_23.txt,[3],"[0, 1, 2]",free, ,0,[1e+30],[-1e+30],m,mult/welgrd_inst22_grid.csv,,999,,,,,,7.0,False
134,org/freyberg6.wel_stress_period_data_24.txt,freyberg6.wel_stress_period_data_24.txt,[3],"[0, 1, 2]",free, ,0,[1e+30],[-1e+30],m,mult/welcst_inst23_constant.csv,,999,,,,,,7.0,False
135,org/freyberg6.wel_stress_period_data_24.txt,freyberg6.wel_stress_period_data_24.txt,[3],"[0, 1, 2]",free, ,0,[1e+30],[-1e+30],m,mult/welgrd_inst23_grid.csv,,999,,,,,,7.0,False
136,org/freyberg6.wel_stress_period_data_25.txt,freyberg6.wel_stress_period_data_25.txt,[3],"[0, 1, 2]",free, ,0,[1e+30],[-1e+30],m,mult/welcst_inst24_constant.csv,,999,,,,,,7.0,False
137,org/freyberg6.wel_stress_period_data_25.txt,freyberg6.wel_stress_period_data_25.txt,[3],"[0, 1, 2]",free, ,0,[1e+30],[-1e+30],m,mult/welgrd_inst24_grid.csv,,999,,,,,,7.0,False
138,org/freyberg6.sfr_packagedata.txt,freyberg6.sfr_packagedata.txt,[9],"[0, 2, 3]",free, ,0,[100.0],[0.001],m,mult/sfrcondgr_inst0_grid.csv,,999,,,,,,40.0,False
139,org/freyberg6.sfr_packagedata.txt,freyberg6.sfr_packagedata.txt,[9],"[0, 2, 3]",free, ,0,[100.0],[0.001],m,mult/sfrcondcn_inst0_constant.csv,,999,,,,,,40.0,False
140,org/freyberg6.sfr_perioddata_1.txt,freyberg6.sfr_perioddata_1.txt,[2],[0],free, ,0,[1e+30],[-1e+30],m,mult/sfrgr_inst0_grid.csv,,999,,,,,,1.0,False
141,org/freyberg6.ic_strt_layer1.txt,freyberg6.ic_strt_layer1.txt,,,%17.5F,,0,1e+30,-1e+30,d,,freyberg6.ic_strt_layer1.txt.zone,999,,,,,,,False
